from_dish_id,to_dish_id,relation_type,weight
dish-wd-q119496294,dish-wd-q110738684,same_category_neighbor,0.350
dish-wd-q110738684,dish-wd-q24839104,same_category_neighbor,0.350
dish-wd-q24839104,dish-wd-q28173633,same_category_neighbor,0.350
dish-wd-q28173633,dish-wd-q50634,same_category_neighbor,0.350
dish-wd-q50634,dish-wd-q123913891,same_category_neighbor,0.350
dish-wd-q123913891,dish-wd-q109353074,same_category_neighbor,0.350
dish-wd-q109353074,dish-wd-q135927668,same_category_neighbor,0.350
dish-wd-q135927668,dish-wd-q1756289,same_category_neighbor,0.350
dish-wd-q1756289,dish-wd-q109820549,same_category_neighbor,0.350
dish-wd-q109820549,dish-wd-q5643900,same_category_neighbor,0.350
dish-wd-q5643900,dish-wd-q97609970,same_category_neighbor,0.350
dish-wd-q97609970,dish-wd-q2202018,same_category_neighbor,0.350
dish-wd-q2202018,dish-wd-q111283137,same_category_neighbor,0.350
dish-wd-q111283137,dish-wd-q7087232,same_category_neighbor,0.350
dish-wd-q7087232,dish-wd-q11061604,same_category_neighbor,0.350
dish-wd-q11061604,dish-wd-q987291,same_category_neighbor,0.350
dish-wd-q987291,dish-wd-q5702275,same_category_neighbor,0.350
dish-wd-q5702275,dish-wd-q8031737,same_category_neighbor,0.350
dish-wd-q85739611,dish-wd-q30592390,same_category_neighbor,0.350
dish-wd-q30592390,dish-wd-q4551,same_category_neighbor,0.350
dish-wd-q4551,dish-wd-q7212986,same_category_neighbor,0.350
dish-wd-q7212986,dish-wd-q70241,same_category_neighbor,0.350
dish-wd-q70241,dish-wd-q14914664,same_category_neighbor,0.350
dish-wd-q14914664,dish-wd-q2082064,same_category_neighbor,0.350
dish-wd-q2082064,dish-wd-q5171049,same_category_neighbor,0.350
dish-wd-q5171049,dish-wd-q137908289,same_category_neighbor,0.350
dish-wd-q137908289,dish-wd-q125030544,same_category_neighbor,0.350
dish-wd-q125030544,dish-wd-q5305996,same_category_neighbor,0.350
dish-wd-q5305996,dish-wd-q113002820,same_category_neighbor,0.350
dish-wd-q113002820,dish-wd-q112787717,same_category_neighbor,0.350
dish-wd-q112787717,dish-wd-q15121455,same_category_neighbor,0.350
dish-wd-q15121455,dish-wd-q25220535,same_category_neighbor,0.350
dish-wd-q25220535,dish-wd-q16928375,same_category_neighbor,0.350
dish-wd-q16928375,dish-wd-q1827035,same_category_neighbor,0.350
dish-wd-q1827035,dish-wd-q6747617,same_category_neighbor,0.350
dish-wd-q6747617,dish-wd-q137908295,same_category_neighbor,0.350
dish-wd-q137908295,dish-wd-q7000528,same_category_neighbor,0.350
dish-wd-q7000528,dish-wd-q25056844,same_category_neighbor,0.350
dish-wd-q25056844,dish-wd-q7079882,same_category_neighbor,0.350
dish-wd-q7079882,dish-wd-q19573431,same_category_neighbor,0.350
dish-wd-q19573431,dish-wd-q113070503,same_category_neighbor,0.350
dish-wd-q113070503,dish-wd-q17109263,same_category_neighbor,0.350
dish-wd-q17109263,dish-wd-q17005230,same_category_neighbor,0.350
dish-wd-q17005230,dish-wd-q11076619,same_category_neighbor,0.350
dish-wd-q11076619,dish-wd-q112967822,same_category_neighbor,0.350
dish-wd-q112967822,dish-wd-q367225,same_category_neighbor,0.350
dish-wd-q367225,dish-wd-q356346,same_category_neighbor,0.350
dish-wd-q356346,dish-wd-q2896374,same_category_neighbor,0.350
dish-wd-q2896374,dish-wd-q113114616,same_category_neighbor,0.350
dish-wd-q113114616,dish-wd-q2635144,same_category_neighbor,0.350
dish-wd-q2635144,dish-wd-q107304811,same_category_neighbor,0.350
dish-wd-q107304811,dish-wd-q7565043,same_category_neighbor,0.350
dish-wd-q7565043,dish-wd-q703313,same_category_neighbor,0.350
dish-wd-q703313,dish-wd-q12219244,same_category_neighbor,0.350
dish-wd-q12219244,dish-wd-q3075310,same_category_neighbor,0.350
dish-wd-q3075310,dish-wd-q1066260,same_category_neighbor,0.350
dish-wd-q1066260,dish-broth-3e91595e,same_category_neighbor,0.350
dish-broth-3e91595e,dish-chowder-75162bc4,same_category_neighbor,0.350
dish-chowder-75162bc4,dish-fish-soup-94f8f39b,same_category_neighbor,0.350
dish-fish-soup-94f8f39b,dish-fruit-soup-4687b0f4,same_category_neighbor,0.350
dish-fruit-soup-4687b0f4,dish-cream-soup-c64c9ccb,same_category_neighbor,0.350
dish-cream-soup-c64c9ccb,dish-stew-b02cc0b0,same_category_neighbor,0.350
dish-stew-b02cc0b0,dish-stock-food-a65e1a5f,same_category_neighbor,0.350
dish-stock-food-a65e1a5f,dish-three-grand-soups-52c451e6,same_category_neighbor,0.350
dish-three-grand-soups-52c451e6,dish-wd-q113002647,same_category_neighbor,0.350
dish-wd-q113002647,dish-wd-q28455447,same_category_neighbor,0.350
dish-wd-q28455447,dish-wd-q113070599,same_category_neighbor,0.350
dish-wd-q25055799,dish-wd-q107358883,same_category_neighbor,0.350
dish-wd-q107358883,dish-wd-q275508,same_category_neighbor,0.350
dish-wd-q275508,dish-wd-q568364,same_category_neighbor,0.350
dish-wd-q568364,dish-wd-q85750898,same_category_neighbor,0.350
dish-wd-q85750898,dish-wd-q1057953,same_category_neighbor,0.350
dish-wd-q1057953,dish-wd-q8077757,same_category_neighbor,0.350
dish-wd-q8077757,dish-wd-q132717554,same_category_neighbor,0.350
dish-wd-q132717554,dish-wd-q115217655,same_category_neighbor,0.350
dish-wd-q115217655,dish-wd-q137785263,same_category_neighbor,0.350
dish-wd-q137785263,dish-wd-q152834,same_category_neighbor,0.350
dish-wd-q152834,dish-wd-q5522421,same_category_neighbor,0.350
dish-wd-q5522421,dish-wd-q240801,same_category_neighbor,0.350
dish-wd-q240801,dish-wd-q2904240,same_category_neighbor,0.350
dish-wd-q2904240,dish-wd-q4293923,same_category_neighbor,0.350
dish-wd-q4293923,dish-wd-q209486,same_category_neighbor,0.350
dish-wd-q209486,dish-wd-q281278,same_category_neighbor,0.350
dish-wd-q281278,dish-wd-q27500854,same_category_neighbor,0.350
dish-wd-q27500854,dish-wd-q152964,same_category_neighbor,0.350
dish-wd-q152964,dish-wd-q7457147,same_category_neighbor,0.350
dish-wd-q7457147,dish-wd-q7548366,same_category_neighbor,0.350
dish-wd-q7548366,dish-wd-q209464,same_category_neighbor,0.350
dish-wd-q209464,dish-wd-q65589417,same_category_neighbor,0.350
dish-wd-q99654352,dish-wd-q109260442,same_category_neighbor,0.350
dish-wd-q109260442,dish-wd-q12200,same_category_neighbor,0.350
dish-wd-q12200,dish-wd-q44541,same_category_neighbor,0.350
dish-wd-q44541,dish-wd-q107358612,same_category_neighbor,0.350
dish-wd-q107358612,dish-wd-q152981,same_category_neighbor,0.350
dish-wd-q152981,dish-wd-q10659978,same_category_neighbor,0.350
dish-wd-q96371762,dish-wd-q96372980,same_category_neighbor,0.350
dish-wd-q96372980,dish-wd-q7220887,same_category_neighbor,0.350
dish-wd-q7220887,dish-wd-q107323701,same_category_neighbor,0.350
dish-wd-q107323701,dish-wd-q271555,same_category_neighbor,0.350
dish-wd-q271555,dish-wd-q85749574,same_category_neighbor,0.350
dish-wd-q85749574,dish-wd-q19712268,same_category_neighbor,0.350
dish-wd-q19712268,dish-wd-q7185336,same_category_neighbor,0.350
dish-wd-q7185336,dish-wd-q5084201,same_category_neighbor,0.350
dish-wd-q5084201,dish-wd-q523224,same_category_neighbor,0.350
dish-wd-q523224,dish-wd-q2634430,same_category_neighbor,0.350
dish-wd-q2634430,dish-wd-q3234514,same_category_neighbor,0.350
dish-wd-q3234514,dish-wd-q1228260,same_category_neighbor,0.350
dish-wd-q1228260,dish-wd-q122957244,same_category_neighbor,0.350
dish-wd-q122957244,dish-wd-q17019149,same_category_neighbor,0.350
dish-wd-q17019149,dish-wd-q1076874,same_category_neighbor,0.350
dish-wd-q1076874,dish-wd-q2445410,same_category_neighbor,0.350
dish-wd-q2445410,dish-wd-q6038850,same_category_neighbor,0.350
dish-wd-q6038850,dish-wd-q30671978,same_category_neighbor,0.350
dish-wd-q30671978,dish-wd-q19746552,same_category_neighbor,0.350
dish-wd-q19746552,dish-wd-q816663,same_category_neighbor,0.350
dish-wd-q816663,dish-wd-q85773496,same_category_neighbor,0.350
dish-wd-q85773496,dish-wd-q6403206,same_category_neighbor,0.350
dish-wd-q6403206,dish-wd-q6404116,same_category_neighbor,0.350
dish-wd-q6404116,dish-wd-q125745103,same_category_neighbor,0.350
dish-wd-q125745103,dish-wd-q55285600,same_category_neighbor,0.350
dish-wd-q55285600,dish-wd-q13013369,same_category_neighbor,0.350
dish-wd-q13013369,dish-wd-q20423491,same_category_neighbor,0.350
dish-wd-q20423491,dish-wd-q26884006,same_category_neighbor,0.350
dish-wd-q26884006,dish-wd-q212121,same_category_neighbor,0.350
dish-wd-q212121,dish-wd-q489703,same_category_neighbor,0.350
dish-wd-q489703,dish-wd-q7323065,same_category_neighbor,0.350
dish-wd-q7323065,dish-wd-q7446149,same_category_neighbor,0.350
dish-wd-q7446149,dish-wd-q4201329,same_category_neighbor,0.350
dish-wd-q4201329,dish-wd-q95433527,same_category_neighbor,0.350
dish-wd-q95433527,dish-wd-q138782002,same_category_neighbor,0.350
dish-wd-q138782002,dish-wd-q7522199,same_category_neighbor,0.350
dish-wd-q7522199,dish-wd-q3051500,same_category_neighbor,0.350
dish-wd-q3051500,dish-wd-q16230436,same_category_neighbor,0.350
dish-wd-q16230436,dish-aiwowo-9c0986b9,same_category_neighbor,0.350
dish-aiwowo-9c0986b9,dish-insalata-di-riso-159e6d48,same_category_neighbor,0.350
dish-insalata-di-riso-159e6d48,dish-kanika-food-0798b6dd,same_category_neighbor,0.350
dish-kanika-food-0798b6dd,dish-kfc-rice-a2f3912a,same_category_neighbor,0.350
dish-kfc-rice-a2f3912a,dish-lentil-rice-15edb98e,same_category_neighbor,0.350
dish-lentil-rice-15edb98e,dish-sayadieh-60e3440e,same_category_neighbor,0.350
dish-sayadieh-60e3440e,dish-arabic-rice-42d5b90d,same_category_neighbor,0.350
dish-arabic-rice-42d5b90d,dish-wd-q12522818,same_category_neighbor,0.350
dish-wd-q12522818,dish-wd-q135921173,same_category_neighbor,0.350
dish-wd-q135921173,dish-wd-q135927675,same_category_neighbor,0.350
dish-wd-q135927675,dish-wd-q17048447,same_category_neighbor,0.350
dish-wd-q17048447,dish-wd-q860170,same_category_neighbor,0.350
dish-wd-q997633,dish-wd-q122782077,same_category_neighbor,0.350
dish-wd-q122782077,dish-wd-q777487,same_category_neighbor,0.350
dish-wd-q777487,dish-wd-q7489821,same_category_neighbor,0.350
dish-wd-q7489821,dish-wd-q48724049,same_category_neighbor,0.350
dish-wd-q48724049,dish-wd-q7919751,same_category_neighbor,0.350
dish-wd-q4754282,dish-wd-q28209622,same_category_neighbor,0.350
dish-wd-q28209622,dish-wd-q595744,same_category_neighbor,0.350
dish-wd-q595744,dish-wd-q15985102,same_category_neighbor,0.350
dish-wd-q15985102,dish-wd-q134125172,same_category_neighbor,0.350
dish-wd-q134125172,dish-wd-q1721876,same_category_neighbor,0.350
dish-wd-q1721876,dish-wd-q5103662,same_category_neighbor,0.350
dish-wd-q5103662,dish-wd-q20092696,same_category_neighbor,0.350
dish-wd-q20092696,dish-wd-q16965840,same_category_neighbor,0.350
dish-wd-q16965840,dish-wd-q18693799,same_category_neighbor,0.350
dish-wd-q18693799,dish-wd-q379138,same_category_neighbor,0.350
dish-wd-q379138,dish-wd-q123910268,same_category_neighbor,0.350
dish-wd-q123910268,dish-wd-q26877970,same_category_neighbor,0.350
dish-wd-q26877970,dish-wd-q23461185,same_category_neighbor,0.350
dish-wd-q23461185,dish-wd-q23461193,same_category_neighbor,0.350
dish-wd-q23461193,dish-wd-q55700816,same_category_neighbor,0.350
dish-wd-q55700816,dish-wd-q7623197,same_category_neighbor,0.350
dish-wd-q7623197,dish-wd-q11902383,same_category_neighbor,0.350
dish-wd-q11902383,dish-wd-q1812421,same_category_neighbor,0.350
dish-wd-q16301690,dish-wd-q6663,same_category_neighbor,0.350
dish-wd-q6663,dish-wd-q1094305,same_category_neighbor,0.350
dish-wd-q1094305,dish-wd-q132775271,same_category_neighbor,0.350
dish-wd-q864174,dish-wd-q1293258,same_category_neighbor,0.350
dish-wd-q1293258,dish-wd-q843795,same_category_neighbor,0.350
dish-wd-q843795,dish-wd-q213105,same_category_neighbor,0.350
dish-wd-q213105,dish-wd-q21087825,same_category_neighbor,0.350
dish-wd-q21087825,dish-wd-q703286,same_category_neighbor,0.350
dish-wd-q703286,dish-wd-q964107,same_category_neighbor,0.350
dish-wd-q964107,dish-wd-q5309357,same_category_neighbor,0.350
dish-wd-q5309357,dish-wd-q20016,same_category_neighbor,0.350
dish-wd-q20016,dish-wd-q16182271,same_category_neighbor,0.350
dish-wd-q16182271,dish-wd-q263351,same_category_neighbor,0.350
dish-wd-q263351,dish-wd-q715040,same_category_neighbor,0.350
dish-wd-q715040,dish-wd-q11676485,same_category_neighbor,0.350
dish-wd-q11676485,dish-wd-q19573003,same_category_neighbor,0.350
dish-wd-q19573003,dish-wd-q1124851,same_category_neighbor,0.350
dish-wd-q1124851,dish-wd-q1197104,same_category_neighbor,0.350
dish-wd-q1197104,dish-wd-q281385,same_category_neighbor,0.350
dish-wd-q281385,dish-wd-q97101726,same_category_neighbor,0.350
dish-wd-q97101726,dish-wd-q19738539,same_category_neighbor,0.350
dish-wd-q19738539,dish-wd-q6827067,same_category_neighbor,0.350
dish-wd-q6827067,dish-wd-q16765345,same_category_neighbor,0.350
dish-wd-q16765345,dish-wd-q130553333,same_category_neighbor,0.350
dish-wd-q130553333,dish-wd-q4208661,same_category_neighbor,0.350
dish-wd-q4208661,dish-wd-q85789410,same_category_neighbor,0.350
dish-wd-q85789410,dish-wd-q19695011,same_category_neighbor,0.350
dish-wd-q19695011,dish-wd-q1136876,same_category_neighbor,0.350
dish-wd-q1136876,dish-wd-q730298,same_category_neighbor,0.350
dish-wd-q730298,dish-wd-q7132274,same_category_neighbor,0.350
dish-wd-q7132274,dish-wd-q5261363,same_category_neighbor,0.350
dish-wd-q5261363,dish-wd-q234646,same_category_neighbor,0.350
dish-wd-q234646,dish-wd-q11249372,same_category_neighbor,0.350
dish-wd-q11249372,dish-banmian-89ef2ecd,same_category_neighbor,0.350
dish-banmian-89ef2ecd,dish-beef-noodle-soup-4dcd1b76,same_category_neighbor,0.350
dish-beef-noodle-soup-4dcd1b76,dish-cart-noodle-68dca97c,same_category_neighbor,0.350
dish-cart-noodle-68dca97c,dish-chongqing-noodles-22010713,same_category_neighbor,0.350
dish-chongqing-noodles-22010713,dish-kuanfen-noodles-b76d80e5,same_category_neighbor,0.350
dish-kuanfen-noodles-b76d80e5,dish-dan-zai-noodles-ca2e9b85,same_category_neighbor,0.350
dish-dan-zai-noodles-ca2e9b85,dish-dandan-noodles-1697cf2d,same_category_neighbor,0.350
dish-dandan-noodles-1697cf2d,dish-hokkien-mee-2e6d199a,same_category_neighbor,0.350
dish-hokkien-mee-2e6d199a,dish-hot-and-sour-noodles-ec5fccc5,same_category_neighbor,0.350
dish-hot-and-sour-noodles-ec5fccc5,dish-hot-dry-noodles-4344c226,same_category_neighbor,0.350
dish-hot-dry-noodles-4344c226,dish-hui-mian-796b70f6,same_category_neighbor,0.350
dish-hui-mian-796b70f6,dish-jiangshui-noodles-8e3aa880,same_category_neighbor,0.350
dish-jiangshui-noodles-8e3aa880,dish-lanzhou-beef-noodle-soup-668c941c,same_category_neighbor,0.350
dish-lanzhou-beef-noodle-soup-668c941c,dish-liangpi-6f660477,same_category_neighbor,0.350
dish-liangpi-6f660477,dish-luosifen-73f10469,same_category_neighbor,0.350
dish-luosifen-73f10469,dish-mee-pok-f55a6d9a,same_category_neighbor,0.350
dish-mee-pok-f55a6d9a,dish-millinge-3b66325a,same_category_neighbor,0.350
dish-millinge-3b66325a,dish-misua-5bd394ac,same_category_neighbor,0.350
dish-misua-5bd394ac,dish-noodles-with-tomato-egg-sauce-c9b214fc,same_category_neighbor,0.350
dish-noodles-with-tomato-egg-sauce-c9b214fc,dish-satay-bee-hoon-2b13daee,same_category_neighbor,0.350
dish-satay-bee-hoon-2b13daee,dish-shanghai-fried-noodles-54307b4e,same_category_neighbor,0.350
dish-shanghai-fried-noodles-54307b4e,dish-suan-la-fen-6bb3c793,same_category_neighbor,0.350
dish-suan-la-fen-6bb3c793,dish-wonton-noodles-4872c2ba,same_category_neighbor,0.350
dish-wonton-noodles-4872c2ba,dish-yuntunmian-b8050086,same_category_neighbor,0.350
dish-yuntunmian-b8050086,dish-zhajiangmian-1bb244b2,same_category_neighbor,0.350
dish-zhajiangmian-1bb244b2,dish-beef-chow-fun-f771c626,same_category_neighbor,0.350
dish-beef-chow-fun-f771c626,dish-hiyashi-chuka-854c6ffe,same_category_neighbor,0.350
dish-hiyashi-chuka-854c6ffe,dish-hoto-ebad0744,same_category_neighbor,0.350
dish-hoto-ebad0744,dish-tsukemen-9f7293c7,same_category_neighbor,0.350
dish-tsukemen-9f7293c7,dish-sara-udon-58e4fd32,same_category_neighbor,0.350
dish-sara-udon-58e4fd32,dish-tensoba-7e3659f3,same_category_neighbor,0.350
dish-tensoba-7e3659f3,dish-toshikoshi-soba-70e1c16e,same_category_neighbor,0.350
dish-toshikoshi-soba-70e1c16e,dish-somen-9f223db6,same_category_neighbor,0.350
dish-somen-9f223db6,dish-udon-3611d9f6,same_category_neighbor,0.350
dish-udon-3611d9f6,dish-yaki-udon-1c423a9d,same_category_neighbor,0.350
dish-yaki-udon-1c423a9d,dish-yakisoba-b94c7fcd,same_category_neighbor,0.350
dish-yakisoba-b94c7fcd,dish-otaru-ankake-yakisoba-b0790673,same_category_neighbor,0.350
dish-otaru-ankake-yakisoba-b0790673,dish-janchi-guksu-bef84fe7,same_category_neighbor,0.350
dish-janchi-guksu-bef84fe7,dish-jatguksu-e1824712,same_category_neighbor,0.350
dish-jatguksu-e1824712,dish-jjamppong-17850d33,same_category_neighbor,0.350
dish-jjamppong-17850d33,dish-jjolmyeon-8fec4d44,same_category_neighbor,0.350
dish-jjolmyeon-8fec4d44,dish-kalguksu-6f228227,same_category_neighbor,0.350
dish-kalguksu-6f228227,dish-kongguksu-aa26cf67,same_category_neighbor,0.350
dish-kongguksu-aa26cf67,dish-makguksu-1d316c89,same_category_neighbor,0.350
dish-makguksu-1d316c89,dish-milmyeon-98ed1e5c,same_category_neighbor,0.350
dish-milmyeon-98ed1e5c,dish-naengmyeon-6eda9ef1,same_category_neighbor,0.350
dish-naengmyeon-6eda9ef1,dish-tsuivan-54e1ddf7,same_category_neighbor,0.350
dish-tsuivan-54e1ddf7,dish-cellophane-noodles-13530355,same_category_neighbor,0.350
dish-cellophane-noodles-13530355,dish-a-gei-8ff097d0,same_category_neighbor,0.350
dish-a-gei-8ff097d0,dish-eel-noodles-86f4c300,same_category_neighbor,0.350
dish-eel-noodles-86f4c300,dish-nabeyaki-egg-noodles-b836412d,same_category_neighbor,0.350
dish-nabeyaki-egg-noodles-b836412d,dish-neritic-squid-rice-noodles-1c6803d2,same_category_neighbor,0.350
dish-neritic-squid-rice-noodles-1c6803d2,dish-oyster-vermicelli-056b5546,same_category_neighbor,0.350
dish-oyster-vermicelli-056b5546,dish-pumpkin-rice-vermicelli-fad7ec9e,same_category_neighbor,0.350
dish-pumpkin-rice-vermicelli-fad7ec9e,dish-taiwanese-beef-noodle-soup-a7b4d36f,same_category_neighbor,0.350
dish-taiwanese-beef-noodle-soup-a7b4d36f,dish-tshik-a-mi-4bbb29ec,same_category_neighbor,0.350
dish-tshik-a-mi-4bbb29ec,dish-guthuk-5785a5ee,same_category_neighbor,0.350
dish-guthuk-5785a5ee,dish-laping-b6499cd6,same_category_neighbor,0.350
dish-laping-b6499cd6,dish-thenthuk-649c28b9,same_category_neighbor,0.350
dish-thenthuk-649c28b9,dish-wd-q712031,same_category_neighbor,0.350
dish-wd-q712031,dish-thukpa-ed1cffe3,same_category_neighbor,0.350
dish-thukpa-ed1cffe3,dish-kat-kyi-kaik-7d04fffa,same_category_neighbor,0.350
dish-kat-kyi-kaik-7d04fffa,dish-kyay-oh-e0b37854,same_category_neighbor,0.350
dish-kyay-oh-e0b37854,dish-kya-zan-hinga-9201ce73,same_category_neighbor,0.350
dish-kya-zan-hinga-9201ce73,dish-meeshay-2d12cd07,same_category_neighbor,0.350
dish-meeshay-2d12cd07,dish-mohinga-b6a4ff33,same_category_neighbor,0.350
dish-mohinga-b6a4ff33,dish-mont-di-3526da91,same_category_neighbor,0.350
dish-mont-di-3526da91,dish-nan-gyi-thohk-5f3f9ada,same_category_neighbor,0.350
dish-nan-gyi-thohk-5f3f9ada,dish-ohn-no-khao-swe-87b1e41f,same_category_neighbor,0.350
dish-ohn-no-khao-swe-87b1e41f,dish-sigyet-khauk-swe-904818fa,same_category_neighbor,0.350
dish-sigyet-khauk-swe-904818fa,dish-banh-kanh-e8487094,same_category_neighbor,0.350
dish-banh-kanh-e8487094,dish-kuyteav-59245d18,same_category_neighbor,0.350
dish-kuyteav-59245d18,dish-batchoy-286d355a,same_category_neighbor,0.350
dish-batchoy-286d355a,dish-kinalas-eafa8d24,same_category_neighbor,0.350
dish-kinalas-eafa8d24,dish-lomi-45e6a888,same_category_neighbor,0.350
dish-lomi-45e6a888,dish-mami-soup-24bc4c1f,same_category_neighbor,0.350
dish-mami-soup-24bc4c1f,dish-odong-2163a1e7,same_category_neighbor,0.350
dish-odong-2163a1e7,dish-pancit-canton-1d2ac036,same_category_neighbor,0.350
dish-pancit-canton-1d2ac036,dish-pancit-choca-9e7e7448,same_category_neighbor,0.350
dish-pancit-choca-9e7e7448,dish-pancit-bihon-c8b85750,same_category_neighbor,0.350
dish-pancit-bihon-c8b85750,dish-pancit-estacion-897b41c9,same_category_neighbor,0.350
dish-pancit-estacion-897b41c9,dish-pancit-luglug-4b57f7c5,same_category_neighbor,0.350
dish-pancit-luglug-4b57f7c5,dish-pancit-molo-4244a2ed,same_category_neighbor,0.350
dish-pancit-molo-4244a2ed,dish-pancit-miki-83088799,same_category_neighbor,0.350
dish-pancit-miki-83088799,dish-pancit-palabok-c98ecef6,same_category_neighbor,0.350
dish-pancit-palabok-c98ecef6,dish-sopa-de-fideo-fb30790c,same_category_neighbor,0.350
dish-sopa-de-fideo-fb30790c,dish-bihun-goreng-237286ac,same_category_neighbor,0.350
dish-bihun-goreng-237286ac,dish-char-kway-teow-56b0b7f1,same_category_neighbor,0.350
dish-char-kway-teow-56b0b7f1,dish-kwetiau-ayam-9a743136,same_category_neighbor,0.350
dish-kwetiau-ayam-9a743136,dish-kwetiau-goreng-a4f1c509,same_category_neighbor,0.350
dish-kwetiau-goreng-a4f1c509,dish-beef-kway-teow-19237ecf,same_category_neighbor,0.350
dish-beef-kway-teow-19237ecf,dish-laksa-cc9bca99,same_category_neighbor,0.350
dish-laksa-cc9bca99,dish-lakso-5d51fdea,same_category_neighbor,0.350
dish-lakso-5d51fdea,dish-mie-aceh-42b65b20,same_category_neighbor,0.350
dish-mie-aceh-42b65b20,dish-mie-bakso-b85d7ec5,same_category_neighbor,0.350
dish-mie-bakso-b85d7ec5,dish-mie-cakalang-9735a007,same_category_neighbor,0.350
dish-mie-cakalang-9735a007,dish-mie-caluk-dc7f5251,same_category_neighbor,0.350
dish-mie-caluk-dc7f5251,dish-mie-combor-9889bf49,same_category_neighbor,0.350
dish-mie-combor-9889bf49,dish-mie-gomak-a81fee7f,same_category_neighbor,0.350
dish-mie-gomak-a81fee7f,dish-mie-goreng-cbaeed78,same_category_neighbor,0.350
dish-mie-goreng-cbaeed78,dish-wd-q111604426,same_category_neighbor,0.350
dish-wd-q111604426,dish-mie-ikan-8028a52f,same_category_neighbor,0.350
dish-mie-ikan-8028a52f,dish-mie-jawa-a62fab35,same_category_neighbor,0.350
dish-mie-jawa-a62fab35,dish-rujak-c7834094,same_category_neighbor,0.350
dish-rujak-c7834094,dish-curry-mee-a0fd0daf,same_category_neighbor,0.350
dish-curry-mee-a0fd0daf,dish-mie-kangkung-1a90c8fb,same_category_neighbor,0.350
dish-mie-kangkung-1a90c8fb,dish-mie-kering-88d2d70a,same_category_neighbor,0.350
dish-mie-kering-88d2d70a,dish-mie-koclok-4e8f642f,same_category_neighbor,0.350
dish-mie-koclok-4e8f642f,dish-mie-kocok-1908e108,same_category_neighbor,0.350
dish-mie-kocok-1908e108,dish-mie-kopyok-6f94c005,same_category_neighbor,0.350
dish-mie-kopyok-6f94c005,dish-mie-kuah-0900b5f6,same_category_neighbor,0.350
dish-mie-kuah-0900b5f6,dish-wonton-noodle-6e2129d1,same_category_neighbor,0.350
dish-wonton-noodle-6e2129d1,dish-mie-rebus-30c626e2,same_category_neighbor,0.350
dish-mie-rebus-30c626e2,dish-mie-tarempa-10019b1d,same_category_neighbor,0.350
dish-mie-tarempa-10019b1d,dish-tinutuan-3ac3a08d,same_category_neighbor,0.350
dish-tinutuan-3ac3a08d,dish-wd-q7695520,same_category_neighbor,0.350
dish-wd-q7695520,dish-soto-mie-f93f18a2,same_category_neighbor,0.350
dish-soto-mie-f93f18a2,dish-khao-poon-aa366719,same_category_neighbor,0.350
dish-khao-poon-aa366719,dish-khao-soi-fcac195f,same_category_neighbor,0.350
dish-khao-soi-fcac195f,dish-feu-food-12cd3836,same_category_neighbor,0.350
dish-feu-food-12cd3836,dish-lard-na-17a9bfd5,same_category_neighbor,0.350
dish-lard-na-17a9bfd5,dish-khao-piak-sen-22ed2a6d,same_category_neighbor,0.350
dish-khao-piak-sen-22ed2a6d,dish-duck-soup-noodles-a72aa514,same_category_neighbor,0.350
dish-duck-soup-noodles-a72aa514,dish-hae-mee-0601f718,same_category_neighbor,0.350
dish-hae-mee-0601f718,dish-lor-mee-ceb0f80e,same_category_neighbor,0.350
dish-lor-mee-ceb0f80e,dish-mee-bandung-422f91b2,same_category_neighbor,0.350
dish-mee-bandung-422f91b2,dish-mee-goreng-c9905dcc,same_category_neighbor,0.350
dish-mee-goreng-c9905dcc,dish-mee-kolo-d34110f3,same_category_neighbor,0.350
dish-mee-kolo-d34110f3,dish-mi-rebus-26aeeb6b,same_category_neighbor,0.350
dish-mi-rebus-26aeeb6b,dish-mee-siam-e89c7fa6,same_category_neighbor,0.350
dish-mee-siam-e89c7fa6,dish-mee-tauhu-d13b6e42,same_category_neighbor,0.350
dish-mee-tauhu-d13b6e42,dish-rice-noodle-roll-c5f40fef,same_category_neighbor,0.350
dish-rice-noodle-roll-c5f40fef,dish-curry-chicken-noodles-24b1ecc3,same_category_neighbor,0.350
dish-curry-chicken-noodles-24b1ecc3,dish-katong-laksa-eb3c3b0f,same_category_neighbor,0.350
dish-katong-laksa-eb3c3b0f,dish-vegetarian-bee-hoon-49e4c61e,same_category_neighbor,0.350
dish-vegetarian-bee-hoon-49e4c61e,dish-wd-q7808550,same_category_neighbor,0.350
dish-wd-q7808550,dish-boat-noodles-a5021f93,same_category_neighbor,0.350
dish-boat-noodles-a5021f93,dish-nam-ngiao-8b609936,same_category_neighbor,0.350
dish-nam-ngiao-8b609936,dish-pad-see-ew-915fe511,same_category_neighbor,0.350
dish-pad-see-ew-915fe511,dish-rat-na-f7dd1b1d,same_category_neighbor,0.350
dish-rat-na-f7dd1b1d,dish-sukhothai-rice-noodles-a26d209b,same_category_neighbor,0.350
dish-sukhothai-rice-noodles-a26d209b,dish-laghman-food-fe22ecbc,same_category_neighbor,0.350
dish-laghman-food-fe22ecbc,dish-naryn-dish-3eb53b7c,same_category_neighbor,0.350
dish-naryn-dish-3eb53b7c,dish-idiyappam-ed19b5ae,same_category_neighbor,0.350
dish-idiyappam-ed19b5ae,dish-sevai-12a69f51,same_category_neighbor,0.350
dish-sevai-12a69f51,dish-faloodeh-0b1fbbb9,same_category_neighbor,0.350
dish-faloodeh-0b1fbbb9,dish-chicken-noodle-soup-7884a0ba,same_category_neighbor,0.350
dish-chicken-noodle-soup-7884a0ba,dish-chicken-riggies-23a69181,same_category_neighbor,0.350
dish-chicken-riggies-23a69181,dish-kraft-dinner-215f48ff,same_category_neighbor,0.350
dish-kraft-dinner-215f48ff,dish-saimin-fdfbc4e1,same_category_neighbor,0.350
dish-saimin-fdfbc4e1,dish-arroz-chaufa-5e4477bc,same_category_neighbor,0.350
dish-arroz-chaufa-5e4477bc,dish-tallarin-saltado-e90768fd,same_category_neighbor,0.350
dish-tallarin-saltado-e90768fd,dish-kugel-6bc8db62,same_category_neighbor,0.350
dish-kugel-6bc8db62,dish-roso-0225a35d,same_category_neighbor,0.350
dish-roso-0225a35d,dish-wd-q60738779,same_category_neighbor,0.350
dish-wd-q60738779,dish-rechta-a797c14f,same_category_neighbor,0.350
dish-rechta-a797c14f,dish-koshary-41e89d90,same_category_neighbor,0.350
dish-koshary-41e89d90,dish-a-simple-pho-dish-68edde8a,same_category_neighbor,0.350
dish-a-simple-pho-dish-68edde8a,dish-pad-thai-from-a-street-stall-in-chiang-mai-e0703996,same_category_neighbor,0.350
dish-pad-thai-from-a-street-stall-in-chiang-mai-e0703996,dish-bun-bo-hue-d17bed6c,same_category_neighbor,0.350
dish-bun-bo-hue-d17bed6c,dish-fried-noodles-990eee80,same_category_neighbor,0.350
dish-fried-noodles-990eee80,dish-wd-q845376,same_category_neighbor,0.350
dish-wd-q4833788,dish-wd-q390823,same_category_neighbor,0.350
dish-wd-q390823,dish-wd-q1139527,same_category_neighbor,0.350
dish-wd-q1139527,dish-wd-q111589124,same_category_neighbor,0.350
dish-wd-q111589124,dish-wd-q254979,same_category_neighbor,0.350
dish-wd-q254979,dish-wd-q614757,same_category_neighbor,0.350
dish-wd-q614757,dish-wd-q865325,same_category_neighbor,0.350
dish-wd-q865325,dish-wd-q54952474,same_category_neighbor,0.350
dish-wd-q54952474,dish-wd-q104844158,same_category_neighbor,0.350
dish-wd-q104844158,dish-wd-q7824333,same_category_neighbor,0.350
dish-wd-q7824333,dish-wd-q2548949,same_category_neighbor,0.350
dish-wd-q136393819,dish-wd-q187495,same_category_neighbor,0.350
dish-wd-q187495,dish-wd-q125475914,same_category_neighbor,0.350
dish-wd-q125475914,dish-wd-q4876265,same_category_neighbor,0.350
dish-wd-q4876265,dish-wd-q5092519,same_category_neighbor,0.350
dish-wd-q5092519,dish-wd-q25005355,same_category_neighbor,0.350
dish-wd-q25005355,dish-wd-q29019793,same_category_neighbor,0.350
dish-wd-q29019793,dish-wd-q2307239,same_category_neighbor,0.350
dish-wd-q2307239,dish-wd-q104864044,same_category_neighbor,0.350
dish-wd-q104864044,dish-wd-q747457,same_category_neighbor,0.350
dish-wd-q747457,dish-wd-q120961670,same_category_neighbor,0.350
dish-wd-q120961670,dish-wd-q109539600,same_category_neighbor,0.350
dish-wd-q109539600,dish-wd-q5367573,same_category_neighbor,0.350
dish-wd-q5367573,dish-wd-q25005338,same_category_neighbor,0.350
dish-wd-q25005338,dish-wd-q115801972,same_category_neighbor,0.350
dish-wd-q115801972,dish-wd-q491517,same_category_neighbor,0.350
dish-wd-q491517,dish-wd-q60750699,same_category_neighbor,0.350
dish-wd-q60750699,dish-wd-q25327105,same_category_neighbor,0.350
dish-wd-q25327105,dish-wd-q112339256,same_category_neighbor,0.350
dish-wd-q138011108,dish-wd-q25038426,same_category_neighbor,0.350
dish-wd-q25038426,dish-wd-q111938080,same_category_neighbor,0.350
dish-wd-q111938080,dish-wd-q590076,same_category_neighbor,0.350
dish-wd-q590076,dish-wd-q6826082,same_category_neighbor,0.350
dish-wd-q6826082,dish-wd-q138024294,same_category_neighbor,0.350
dish-wd-q138024294,dish-wd-q108327562,same_category_neighbor,0.350
dish-wd-q108327562,dish-wd-q500724,same_category_neighbor,0.350
dish-wd-q500724,dish-wd-q91908928,same_category_neighbor,0.350
dish-wd-q91908928,dish-wd-q18542598,same_category_neighbor,0.350
dish-wd-q18542598,dish-wd-q86665833,same_category_neighbor,0.350
dish-wd-q86665833,dish-wd-q18356332,same_category_neighbor,0.350
dish-wd-q18356332,dish-wd-q7648934,same_category_neighbor,0.350
dish-wd-q7648934,dish-wd-q111705550,same_category_neighbor,0.350
dish-wd-q16172783,dish-wd-q88462839,same_category_neighbor,0.350
dish-wd-q88462839,dish-wd-q24951925,same_category_neighbor,0.350
dish-wd-q24951925,dish-wd-q1195276,same_category_neighbor,0.350
dish-wd-q1195276,dish-wd-q85747395,same_category_neighbor,0.350
dish-wd-q85747395,dish-wd-q30186,same_category_neighbor,0.350
dish-wd-q30186,dish-wd-q556060,same_category_neighbor,0.350
dish-wd-q556060,dish-wd-q1138371,same_category_neighbor,0.350
dish-wd-q1138371,dish-wd-q17997299,same_category_neighbor,0.350
dish-wd-q17997299,dish-wd-q117481518,same_category_neighbor,0.350
dish-wd-q117481518,dish-wd-q683495,same_category_neighbor,0.350
dish-wd-q683495,dish-wd-q28224446,same_category_neighbor,0.350
dish-wd-q28224446,dish-wd-q564560,same_category_neighbor,0.350
dish-wd-q564560,dish-wd-q7200291,same_category_neighbor,0.350
dish-wd-q7200291,dish-wd-q16773140,same_category_neighbor,0.350
dish-wd-q16773140,dish-wd-q1284887,same_category_neighbor,0.350
dish-wd-q1284887,dish-wd-q104858815,same_category_neighbor,0.350
dish-wd-q564271,dish-wd-q2901547,same_category_neighbor,0.350
dish-wd-q2901547,dish-wd-q5643322,same_category_neighbor,0.350
dish-wd-q107416756,dish-wd-q62271704,same_category_neighbor,0.350
dish-wd-q62271704,dish-wd-q1855212,same_category_neighbor,0.350
dish-wd-q1855212,dish-wd-q16847884,same_category_neighbor,0.350
dish-wd-q16847884,dish-wd-q375,same_category_neighbor,0.350
dish-wd-q1022124,dish-wd-q860465,same_category_neighbor,0.350
dish-wd-q3243732,dish-wd-q61074537,same_category_neighbor,0.350
dish-wd-q61074537,dish-wd-q1226651,same_category_neighbor,0.350
dish-wd-q4835804,dish-wd-q16850213,same_category_neighbor,0.350
dish-wd-q16850213,dish-wd-q5016282,same_category_neighbor,0.350
dish-wd-q5016282,dish-wd-q136674388,same_category_neighbor,0.350
dish-wd-q136674388,dish-wd-q152088,same_category_neighbor,0.350
dish-wd-q152088,dish-wd-q24027629,same_category_neighbor,0.350
dish-wd-q24027629,dish-wd-q121027105,same_category_neighbor,0.350
dish-wd-q121027105,dish-wd-q3629971,same_category_neighbor,0.350
dish-wd-q3629971,dish-tex-mex-7e94ec3f,same_category_neighbor,0.350
dish-wd-q137916343,dish-wd-q116947279,same_category_neighbor,0.350
dish-wd-q116947279,dish-wd-q1093380,same_category_neighbor,0.350
dish-wd-q1093380,dish-wd-q872503,same_category_neighbor,0.350
dish-wd-q872503,dish-wd-q5208692,same_category_neighbor,0.350
dish-wd-q5208692,dish-wd-q5379416,same_category_neighbor,0.350
dish-wd-q5379416,dish-wd-q3309212,same_category_neighbor,0.350
dish-wd-q3309212,dish-wd-q6904753,same_category_neighbor,0.350
dish-wd-q6904753,dish-wd-q655235,same_category_neighbor,0.350
dish-wd-q655235,dish-wd-q1369093,same_category_neighbor,0.350
dish-wd-q1369093,dish-wd-q117971950,same_category_neighbor,0.350
dish-wd-q117971950,dish-bread-9a677c44,same_category_neighbor,0.350
dish-bread-9a677c44,dish-submarine-sandwich-5ea61a55,same_category_neighbor,0.350
dish-submarine-sandwich-5ea61a55,dish-open-faced-sandwich-3a9301e2,same_category_neighbor,0.350
dish-open-faced-sandwich-3a9301e2,dish-pocket-sandwich-b5b1a0bd,same_category_neighbor,0.350
dish-pocket-sandwich-b5b1a0bd,dish-eggs-benedict-1ff8b422,same_category_neighbor,0.350
dish-eggs-benedict-1ff8b422,dish-hot-dog-variations-76dcdf87,same_category_neighbor,0.350
dish-hot-dog-variations-76dcdf87,dish-sandwich-bread-85ee8a27,same_category_neighbor,0.350
dish-sandwich-bread-85ee8a27,dish-soup-and-sandwich-52904de2,same_category_neighbor,0.350
dish-soup-and-sandwich-52904de2,dish-wd-q978397,same_category_neighbor,0.350
dish-wd-q978397,dish-wd-q135921159,same_category_neighbor,0.350
dish-wd-q56292893,dish-wd-q18111413,same_category_neighbor,0.350
dish-wd-q18111413,dish-wd-q5180222,same_category_neighbor,0.350
dish-wd-q5180222,dish-wd-q11853198,same_category_neighbor,0.350
dish-wd-q11853198,dish-wd-q2893649,same_category_neighbor,0.350
dish-wd-q2893649,dish-wd-q1146771,same_category_neighbor,0.350
dish-wd-q1146771,dish-wd-q109409667,same_category_neighbor,0.350
dish-wd-q109409667,dish-wd-q125457823,same_category_neighbor,0.350
dish-wd-q125457823,dish-wd-q2894864,same_category_neighbor,0.350
dish-wd-q2894864,dish-wd-q137609355,same_category_neighbor,0.350
dish-wd-q137609355,dish-wd-q55632427,same_category_neighbor,0.350
dish-wd-q55632427,dish-wd-q7504010,same_category_neighbor,0.350
dish-wd-q7504010,dish-wd-q7504007,same_category_neighbor,0.350
dish-wd-q7504007,dish-wd-q1243795,same_category_neighbor,0.350
dish-wd-q1243795,dish-wd-q7995577,same_category_neighbor,0.350
dish-wd-q7995577,dish-wd-q8053692,same_category_neighbor,0.350
dish-wd-q5015278,dish-wd-q136393848,same_category_neighbor,0.350
dish-wd-q136393848,dish-wd-q206918,same_category_neighbor,0.350
dish-wd-q206918,dish-wd-q7655664,same_category_neighbor,0.350
dish-wd-q1302342,dish-wd-q136393820,same_category_neighbor,0.350
dish-wd-q136393820,dish-wd-q863794,same_category_neighbor,0.350
dish-wd-q863794,dish-wd-q5331853,same_category_neighbor,0.350
dish-wd-q5331853,dish-wd-q205762,same_category_neighbor,0.350
dish-wd-q205762,dish-wd-q28455614,same_category_neighbor,0.350
dish-wd-q28455614,dish-wd-q18883046,same_category_neighbor,0.350
dish-wd-q18883046,dish-wd-q5571808,same_category_neighbor,0.350
dish-wd-q5571808,dish-wd-q30682135,same_category_neighbor,0.350
dish-wd-q30682135,dish-wd-q123015196,same_category_neighbor,0.350
dish-wd-q123015196,dish-fish-stew-3a26a59e,same_category_neighbor,0.350
dish-wd-q5055611,dish-wd-q28169436,same_category_neighbor,0.350
dish-wd-q28169436,dish-wd-q17006531,same_category_neighbor,0.350
dish-wd-q17006531,dish-wd-q6009729,same_category_neighbor,0.350
dish-wd-q6009729,dish-wd-q13096825,same_category_neighbor,0.350
dish-wd-q13096825,dish-wd-q1105512,same_category_neighbor,0.350
dish-wd-q1105512,dish-wd-q119541430,same_category_neighbor,0.350
dish-wd-q119541430,dish-wd-q31173508,same_category_neighbor,0.350
dish-wd-q876624,dish-wd-q2915859,same_category_neighbor,0.350
dish-wd-q2915859,dish-wd-q60763218,same_category_neighbor,0.350
dish-wd-q60763218,dish-wd-q1533235,same_category_neighbor,0.350
dish-wd-q1533235,dish-wd-q20034,same_category_neighbor,0.350
dish-wd-q20034,dish-wd-q378341,same_category_neighbor,0.350
dish-wd-q378341,dish-wd-q2495505,same_category_neighbor,0.350
dish-wd-q2495505,dish-wd-q11339918,same_category_neighbor,0.350
dish-wd-q11339918,dish-wd-q12971248,same_category_neighbor,0.350
