dish_family_id,category_id,is_primary
fam-wd-q119496294,cat-breads-and-loaves-c2814f9c,true
fam-wd-q85739611,cat-soups-58c2caa7,true
fam-wd-q25055799,cat-salads-aa3e870c,true
fam-wd-q107358883,cat-salads-aa3e870c,true
fam-wd-q99654352,cat-pancakes-and-crepes-283edd96,true
fam-wd-q110738684,cat-breads-and-loaves-c2814f9c,true
fam-wd-q96371762,cat-rice-dishes-e5a0eea5,true
fam-wd-q997633,cat-sauces-and-condiments-10f97308,true
fam-wd-q4754282,cat-confections-and-sweets-33dd665f,true
fam-wd-q16301690,cat-burgers-09c6dfae,true
fam-wd-q864174,cat-noodle-dishes-f57723d0,true
fam-wd-q24839104,cat-breads-and-loaves-c2814f9c,true
fam-wd-q30592390,cat-soups-58c2caa7,true
fam-wd-q4833788,cat-wraps-and-rolls-dd6f3471,true
fam-wd-q96372980,cat-rice-dishes-e5a0eea5,true
fam-wd-q136393819,cat-pies-and-pastries-eefde59e,true
fam-wd-q138011108,cat-flatbreads-and-pizzas-f0961fe2,true
fam-wd-q7220887,cat-rice-dishes-e5a0eea5,true
fam-wd-q187495,cat-pies-and-pastries-eefde59e,true
fam-wd-q1293258,cat-noodle-dishes-f57723d0,true
fam-wd-q843795,cat-noodle-dishes-f57723d0,true
fam-wd-q16172783,cat-cakes-and-gateaux-d8e29f50,true
fam-wd-q125475914,cat-pies-and-pastries-eefde59e,true
fam-wd-q107323701,cat-rice-dishes-e5a0eea5,true
fam-wd-q564271,cat-dumplings-and-buns-9a441702,true
fam-wd-q88462839,cat-cakes-and-gateaux-d8e29f50,true
fam-wd-q24951925,cat-cakes-and-gateaux-d8e29f50,true
fam-wd-q4876265,cat-pies-and-pastries-eefde59e,true
fam-wd-q107416756,cat-breakfast-dishes-7ff5de50,true
fam-wd-q1022124,cat-braises-and-roasts-6028fcc9,true
fam-wd-q62271704,cat-breakfast-dishes-7ff5de50,true
fam-wd-q213105,cat-noodle-dishes-f57723d0,true
fam-wd-q1195276,cat-cakes-and-gateaux-d8e29f50,true
fam-wd-q271555,cat-rice-dishes-e5a0eea5,true
fam-wd-q85747395,cat-cakes-and-gateaux-d8e29f50,true
fam-wd-q3243732,cat-cookies-and-biscuits-55578132,true
fam-wd-q4835804,cat-snacks-and-street-food-7e6d6760,true
fam-wd-q109260442,cat-pancakes-and-crepes-283edd96,true
fam-wd-q137916343,cat-sandwiches-116c3e15,true
fam-wd-q116947279,cat-sandwiches-116c3e15,true
fam-wd-q4551,cat-soups-58c2caa7,true
fam-wd-q28173633,cat-breads-and-loaves-c2814f9c,true
fam-wd-q56292893,cat-seafood-dishes-67642233,true
fam-wd-q1855212,cat-breakfast-dishes-7ff5de50,true
fam-wd-q50634,cat-breads-and-loaves-c2814f9c,true
fam-wd-q123913891,cat-breads-and-loaves-c2814f9c,true
fam-wd-q85749574,cat-rice-dishes-e5a0eea5,true
fam-wd-q390823,cat-wraps-and-rolls-dd6f3471,true
fam-wd-q19712268,cat-rice-dishes-e5a0eea5,true
fam-wd-q5015278,cat-casseroles-and-bakes-43c0edef,true
fam-wd-q1302342,cat-stews-ce00fa93,true
fam-wd-q16850213,cat-snacks-and-street-food-7e6d6760,true
fam-wd-q5016282,cat-snacks-and-street-food-7e6d6760,true
fam-wd-q275508,cat-salads-aa3e870c,true
fam-wd-q5055611,cat-skewers-and-grilled-dishes-08780632,true
fam-wd-q1139527,cat-wraps-and-rolls-dd6f3471,true
fam-wd-q21087825,cat-noodle-dishes-f57723d0,true
fam-wd-q28209622,cat-confections-and-sweets-33dd665f,true
fam-wd-q7212986,cat-soups-58c2caa7,true
fam-wd-q568364,cat-salads-aa3e870c,true
fam-wd-q876624,cat-pasta-dishes-18ec3e4d,true
fam-wd-q136393820,cat-stews-ce00fa93,true
fam-wd-q85750898,cat-salads-aa3e870c,true
fam-wd-q109353074,cat-breads-and-loaves-c2814f9c,true
fam-wd-q1057953,cat-salads-aa3e870c,true
fam-wd-q703286,cat-noodle-dishes-f57723d0,true
fam-wd-q1061604,cat-curries-c13d2ace,true
fam-wd-q28169436,cat-skewers-and-grilled-dishes-08780632,true
fam-wd-q7185336,cat-rice-dishes-e5a0eea5,true
fam-wd-q5084201,cat-rice-dishes-e5a0eea5,true
fam-wd-q17006531,cat-skewers-and-grilled-dishes-08780632,true
fam-wd-q5092519,cat-pies-and-pastries-eefde59e,true
fam-wd-q25005355,cat-pies-and-pastries-eefde59e,true
fam-wd-q111589124,cat-wraps-and-rolls-dd6f3471,true
fam-wd-q863794,cat-stews-ce00fa93,true
fam-wd-q5331853,cat-stews-ce00fa93,true
fam-wd-q19895414,cat-curries-c13d2ace,true
fam-wd-q595744,cat-confections-and-sweets-33dd665f,true
fam-wd-q30186,cat-cakes-and-gateaux-d8e29f50,true
fam-wd-q15985102,cat-confections-and-sweets-33dd665f,true
fam-wd-q134125172,cat-confections-and-sweets-33dd665f,true
fam-wd-q1721876,cat-confections-and-sweets-33dd665f,true
fam-wd-q5103662,cat-confections-and-sweets-33dd665f,true
fam-wd-q25038426,cat-flatbreads-and-pizzas-f0961fe2,true
fam-wd-q20092696,cat-confections-and-sweets-33dd665f,true
fam-wd-q964107,cat-noodle-dishes-f57723d0,true
fam-wd-q556060,cat-cakes-and-gateaux-d8e29f50,true
fam-wd-q254979,cat-wraps-and-rolls-dd6f3471,true
fam-wd-q29019793,cat-pies-and-pastries-eefde59e,true
fam-wd-q16965840,cat-confections-and-sweets-33dd665f,true
fam-wd-q1093380,cat-sandwiches-116c3e15,true
fam-wd-q8077757,cat-salads-aa3e870c,true
fam-wd-q136393848,cat-casseroles-and-bakes-43c0edef,true
fam-wd-q70241,cat-soups-58c2caa7,true
fam-wd-q14914664,cat-soups-58c2caa7,true
fam-wd-q120682642,cat-fried-dishes-and-fritters-31bc2558,true
fam-wd-q2082064,cat-soups-58c2caa7,true
fam-wd-q523224,cat-rice-dishes-e5a0eea5,true
fam-wd-q5171049,cat-soups-58c2caa7,true
fam-wd-q5171054,cat-fried-dishes-and-fritters-31bc2558,true
fam-wd-q5175528,cat-puddings-and-custards-1664b0f1,true
fam-wd-q1138371,cat-cakes-and-gateaux-d8e29f50,true
fam-wd-q12421702,cat-curries-c13d2ace,true
fam-wd-q18111413,cat-seafood-dishes-67642233,true
fam-wd-q5180222,cat-seafood-dishes-67642233,true
fam-wd-q135927668,cat-breads-and-loaves-c2814f9c,true
fam-wd-q137908289,cat-soups-58c2caa7,true
fam-wd-q125030544,cat-soups-58c2caa7,true
fam-wd-q12200,cat-pancakes-and-crepes-283edd96,true
fam-wd-q70125,cat-fried-dishes-and-fritters-31bc2558,true
fam-wd-q132717554,cat-salads-aa3e870c,true
fam-wd-q872503,cat-sandwiches-116c3e15,true
fam-wd-q17997299,cat-cakes-and-gateaux-d8e29f50,true
fam-wd-q2634430,cat-rice-dishes-e5a0eea5,true
fam-wd-q2307239,cat-pies-and-pastries-eefde59e,true
fam-wd-q3234514,cat-rice-dishes-e5a0eea5,true
fam-wd-q5208692,cat-sandwiches-116c3e15,true
fam-wd-q104864044,cat-pies-and-pastries-eefde59e,true
fam-wd-q1228260,cat-rice-dishes-e5a0eea5,true
fam-wd-q136674388,cat-snacks-and-street-food-7e6d6760,true
fam-wd-q11853198,cat-seafood-dishes-67642233,true
fam-wd-q5305996,cat-soups-58c2caa7,true
fam-wd-q5309357,cat-noodle-dishes-f57723d0,true
fam-wd-q2893649,cat-seafood-dishes-67642233,true
fam-wd-q113002820,cat-soups-58c2caa7,true
fam-wd-q122957244,cat-rice-dishes-e5a0eea5,true
fam-wd-q115217655,cat-salads-aa3e870c,true
fam-wd-q17019149,cat-rice-dishes-e5a0eea5,true
fam-wd-q112787717,cat-soups-58c2caa7,true
fam-wd-q747457,cat-pies-and-pastries-eefde59e,true
fam-wd-q5379416,cat-sandwiches-116c3e15,true
fam-wd-q2915859,cat-pasta-dishes-18ec3e4d,true
fam-wd-q20016,cat-noodle-dishes-f57723d0,true
fam-wd-q117481518,cat-cakes-and-gateaux-d8e29f50,true
fam-wd-q60763218,cat-pasta-dishes-18ec3e4d,true
fam-wd-q18693799,cat-confections-and-sweets-33dd665f,true
fam-wd-q3309212,cat-sandwiches-116c3e15,true
fam-wd-q18164838,cat-dips-and-spreads-3b58ecf2,true
fam-wd-q1756289,cat-breads-and-loaves-c2814f9c,true
fam-wd-q5503619,cat-fried-dishes-and-fritters-31bc2558,true
fam-wd-q1465330,cat-fried-dishes-and-fritters-31bc2558,true
fam-wd-q5503628,cat-fried-dishes-and-fritters-31bc2558,true
fam-wd-q1076874,cat-rice-dishes-e5a0eea5,true
fam-wd-q152088,cat-snacks-and-street-food-7e6d6760,true
fam-wd-q137785263,cat-salads-aa3e870c,true
fam-wd-q152834,cat-salads-aa3e870c,true
fam-wd-q379138,cat-confections-and-sweets-33dd665f,true
fam-wd-q109820549,cat-breads-and-loaves-c2814f9c,true
fam-wd-q5522421,cat-salads-aa3e870c,true
fam-wd-q15121455,cat-soups-58c2caa7,true
fam-wd-q683495,cat-cakes-and-gateaux-d8e29f50,true
fam-wd-q1146771,cat-seafood-dishes-67642233,true
fam-wd-q1533235,cat-pasta-dishes-18ec3e4d,true
fam-wd-q25220535,cat-soups-58c2caa7,true
fam-wd-q205762,cat-stews-ce00fa93,true
fam-wd-q713869,cat-puddings-and-custards-1664b0f1,true
fam-wd-q240801,cat-salads-aa3e870c,true
fam-wd-q24027629,cat-snacks-and-street-food-7e6d6760,true
fam-wd-q5643900,cat-breads-and-loaves-c2814f9c,true
fam-wd-q6663,cat-burgers-09c6dfae,true
fam-wd-q111938080,cat-flatbreads-and-pizzas-f0961fe2,true
fam-wd-q590076,cat-flatbreads-and-pizzas-f0961fe2,true
fam-wd-q97609970,cat-breads-and-loaves-c2814f9c,true
fam-wd-q16928375,cat-soups-58c2caa7,true
fam-wd-q109409667,cat-seafood-dishes-67642233,true
fam-wd-q2445410,cat-rice-dishes-e5a0eea5,true
fam-wd-q16182271,cat-noodle-dishes-f57723d0,true
fam-wd-q263351,cat-noodle-dishes-f57723d0,true
fam-wd-q6038850,cat-rice-dishes-e5a0eea5,true
fam-wd-q2904240,cat-salads-aa3e870c,true
fam-wd-q120961670,cat-pies-and-pastries-eefde59e,true
fam-wd-q715040,cat-noodle-dishes-f57723d0,true
fam-wd-q30671978,cat-rice-dishes-e5a0eea5,true
fam-wd-q19746552,cat-rice-dishes-e5a0eea5,true
fam-wd-q2202018,cat-breads-and-loaves-c2814f9c,true
fam-wd-q816663,cat-rice-dishes-e5a0eea5,true
fam-wd-q11676485,cat-noodle-dishes-f57723d0,true
fam-wd-q6009729,cat-skewers-and-grilled-dishes-08780632,true
fam-wd-q19573003,cat-noodle-dishes-f57723d0,true
fam-wd-q122782077,cat-sauces-and-condiments-10f97308,true
fam-wd-q125457823,cat-seafood-dishes-67642233,true
fam-wd-q85773496,cat-rice-dishes-e5a0eea5,true
fam-wd-q1124851,cat-noodle-dishes-f57723d0,true
fam-wd-q123910268,cat-confections-and-sweets-33dd665f,true
fam-wd-q85774221,cat-dips-and-spreads-3b58ecf2,true
fam-wd-q6403206,cat-rice-dishes-e5a0eea5,true
fam-wd-q6404116,cat-rice-dishes-e5a0eea5,true
fam-wd-q13096825,cat-skewers-and-grilled-dishes-08780632,true
fam-wd-q125745103,cat-rice-dishes-e5a0eea5,true
fam-wd-q28455614,cat-stews-ce00fa93,true
fam-wd-q1197104,cat-noodle-dishes-f57723d0,true
fam-wd-q109539600,cat-pies-and-pastries-eefde59e,true
fam-wd-q55285600,cat-rice-dishes-e5a0eea5,true
fam-wd-q20034,cat-pasta-dishes-18ec3e4d,true
fam-wd-q1827035,cat-soups-58c2caa7,true
fam-wd-q281385,cat-noodle-dishes-f57723d0,true
fam-wd-q121027105,cat-snacks-and-street-food-7e6d6760,true
fam-wd-q2894864,cat-seafood-dishes-67642233,true
fam-wd-q1105512,cat-skewers-and-grilled-dishes-08780632,true
fam-wd-q1094305,cat-burgers-09c6dfae,true
fam-wd-q378341,cat-pasta-dishes-18ec3e4d,true
fam-wd-q2495505,cat-pasta-dishes-18ec3e4d,true
fam-wd-q11339918,cat-pasta-dishes-18ec3e4d,true
fam-wd-q12971248,cat-pasta-dishes-18ec3e4d,true
fam-wd-q18883046,cat-stews-ce00fa93,true
fam-wd-q6747617,cat-soups-58c2caa7,true
fam-wd-q13013369,cat-rice-dishes-e5a0eea5,true
fam-wd-q137908295,cat-soups-58c2caa7,true
fam-wd-q6789614,cat-vegetable-and-legume-mains-b836795b,true
fam-wd-q5367573,cat-pies-and-pastries-eefde59e,true
fam-wd-q97101726,cat-noodle-dishes-f57723d0,true
fam-wd-q6826082,cat-flatbreads-and-pizzas-f0961fe2,true
fam-wd-q19738539,cat-noodle-dishes-f57723d0,true
fam-wd-q6827067,cat-noodle-dishes-f57723d0,true
fam-wd-q16765345,cat-noodle-dishes-f57723d0,true
fam-wd-q130553333,cat-noodle-dishes-f57723d0,true
fam-wd-q4208661,cat-noodle-dishes-f57723d0,true
fam-wd-q26877970,cat-confections-and-sweets-33dd665f,true
fam-wd-q4293923,cat-salads-aa3e870c,true
fam-wd-q777487,cat-sauces-and-condiments-10f97308,true
fam-wd-q6904753,cat-sandwiches-116c3e15,true
fam-wd-q206918,cat-casseroles-and-bakes-43c0edef,true
fam-wd-q655235,cat-sandwiches-116c3e15,true
fam-wd-q20423491,cat-rice-dishes-e5a0eea5,true
fam-wd-q129900296,cat-puddings-and-custards-1664b0f1,true
fam-wd-q7000528,cat-soups-58c2caa7,true
fam-wd-q209486,cat-salads-aa3e870c,true
fam-wd-q85789410,cat-noodle-dishes-f57723d0,true
fam-wd-q25056844,cat-soups-58c2caa7,true
fam-wd-q19695011,cat-noodle-dishes-f57723d0,true
fam-wd-q26884006,cat-rice-dishes-e5a0eea5,true
fam-wd-q7079882,cat-soups-58c2caa7,true
fam-wd-q1136876,cat-noodle-dishes-f57723d0,true
fam-wd-q19573431,cat-soups-58c2caa7,true
fam-wd-q111283137,cat-breads-and-loaves-c2814f9c,true
fam-wd-q7087232,cat-breads-and-loaves-c2814f9c,true
fam-wd-q281278,cat-salads-aa3e870c,true
fam-wd-q23461185,cat-confections-and-sweets-33dd665f,true
fam-wd-q28224446,cat-cakes-and-gateaux-d8e29f50,true
fam-wd-q113070503,cat-soups-58c2caa7,true
fam-wd-q614757,cat-wraps-and-rolls-dd6f3471,true
fam-wd-q17109263,cat-soups-58c2caa7,true
fam-wd-q730298,cat-noodle-dishes-f57723d0,true
fam-wd-q212121,cat-rice-dishes-e5a0eea5,true
fam-wd-q17005230,cat-soups-58c2caa7,true
fam-wd-q44541,cat-pancakes-and-crepes-283edd96,true
fam-wd-q107358612,cat-pancakes-and-crepes-283edd96,true
fam-wd-q7132274,cat-noodle-dishes-f57723d0,true
fam-wd-q7142949,cat-pasta-dishes-18ec3e4d,true
fam-wd-q55641393,cat-pasta-dishes-18ec3e4d,true
fam-wd-q1761000,cat-pasta-dishes-18ec3e4d,true
fam-wd-q3897489,cat-pasta-dishes-18ec3e4d,true
fam-wd-q3897472,cat-pasta-dishes-18ec3e4d,true
fam-wd-q1052236,cat-pasta-dishes-18ec3e4d,true
fam-wd-q60977870,cat-dips-and-spreads-3b58ecf2,true
fam-wd-q23907623,cat-dips-and-spreads-3b58ecf2,true
fam-wd-q11076619,cat-soups-58c2caa7,true
fam-wd-q3629971,cat-snacks-and-street-food-7e6d6760,true
fam-wd-q112967822,cat-soups-58c2caa7,true
fam-wd-q367225,cat-soups-58c2caa7,true
fam-wd-q1369093,cat-sandwiches-116c3e15,true
fam-wd-q117971950,cat-sandwiches-116c3e15,true
fam-wd-q25005338,cat-pies-and-pastries-eefde59e,true
fam-wd-q5261363,cat-noodle-dishes-f57723d0,true
fam-wd-q7170363,cat-puddings-and-custards-1664b0f1,true
fam-wd-q27500854,cat-salads-aa3e870c,true
fam-wd-q564560,cat-cakes-and-gateaux-d8e29f50,true
fam-wd-q138024294,cat-flatbreads-and-pizzas-f0961fe2,true
fam-wd-q137609355,cat-seafood-dishes-67642233,true
fam-wd-q11061604,cat-breads-and-loaves-c2814f9c,true
fam-wd-q108327562,cat-flatbreads-and-pizzas-f0961fe2,true
fam-wd-q500724,cat-flatbreads-and-pizzas-f0961fe2,true
fam-wd-q91908928,cat-flatbreads-and-pizzas-f0961fe2,true
fam-wd-q18542598,cat-flatbreads-and-pizzas-f0961fe2,true
fam-wd-q86665833,cat-flatbreads-and-pizzas-f0961fe2,true
fam-wd-q7200291,cat-cakes-and-gateaux-d8e29f50,true
fam-wd-q115801972,cat-pies-and-pastries-eefde59e,true
fam-wd-q152981,cat-pancakes-and-crepes-283edd96,true
fam-wd-q152964,cat-salads-aa3e870c,true
fam-wd-q16773140,cat-cakes-and-gateaux-d8e29f50,true
fam-wd-q865325,cat-wraps-and-rolls-dd6f3471,true
fam-wd-q5571808,cat-stews-ce00fa93,true
fam-wd-q234646,cat-noodle-dishes-f57723d0,true
fam-wd-q23461193,cat-confections-and-sweets-33dd665f,true
fam-wd-q489703,cat-rice-dishes-e5a0eea5,true
fam-wd-q1721014,cat-curries-c13d2ace,true
fam-wd-q1284887,cat-cakes-and-gateaux-d8e29f50,true
fam-wd-q7323065,cat-rice-dishes-e5a0eea5,true
fam-wd-q7446149,cat-rice-dishes-e5a0eea5,true
fam-wd-q4201329,cat-rice-dishes-e5a0eea5,true
fam-wd-q95433527,cat-rice-dishes-e5a0eea5,true
fam-wd-q138782002,cat-rice-dishes-e5a0eea5,true
fam-wd-q860465,cat-braises-and-roasts-6028fcc9,true
fam-wd-q356346,cat-soups-58c2caa7,true
fam-wd-q10659978,cat-pancakes-and-crepes-283edd96,true
fam-wd-q55632427,cat-seafood-dishes-67642233,true
fam-wd-q491517,cat-pies-and-pastries-eefde59e,true
fam-wd-q11249372,cat-noodle-dishes-f57723d0,true
fam-wd-q60750699,cat-pies-and-pastries-eefde59e,true
fam-wd-q119541430,cat-skewers-and-grilled-dishes-08780632,true
fam-wd-q2896374,cat-soups-58c2caa7,true
fam-wd-q18356332,cat-flatbreads-and-pizzas-f0961fe2,true
fam-wd-q7457147,cat-salads-aa3e870c,true
fam-wd-q2474644,cat-egg-dishes-91225177,true
fam-wd-q7489821,cat-sauces-and-condiments-10f97308,true
fam-wd-q55700816,cat-confections-and-sweets-33dd665f,true
fam-wd-q7504010,cat-seafood-dishes-67642233,true
fam-wd-q7504007,cat-seafood-dishes-67642233,true
fam-wd-q9696648,cat-curries-c13d2ace,true
fam-wd-q2901547,cat-dumplings-and-buns-9a441702,true
fam-wd-q7522199,cat-rice-dishes-e5a0eea5,true
fam-wd-q54952474,cat-wraps-and-rolls-dd6f3471,true
fam-wd-q113114616,cat-soups-58c2caa7,true
fam-wd-q7548366,cat-salads-aa3e870c,true
fam-wd-q2635144,cat-soups-58c2caa7,true
fam-wd-q107304811,cat-soups-58c2caa7,true
fam-wd-q7565043,cat-soups-58c2caa7,true
fam-wd-q703313,cat-soups-58c2caa7,true
fam-wd-q3965857,cat-pasta-dishes-18ec3e4d,true
fam-wd-q1236601,cat-pasta-dishes-18ec3e4d,true
fam-wd-q12709593,cat-pasta-dishes-18ec3e4d,true
fam-wd-q17119279,cat-pasta-dishes-18ec3e4d,true
fam-wd-q7572829,cat-pasta-dishes-18ec3e4d,true
fam-wd-q132775271,cat-burgers-09c6dfae,true
fam-wd-q16847884,cat-breakfast-dishes-7ff5de50,true
fam-wd-q12219244,cat-soups-58c2caa7,true
fam-wd-q30682135,cat-stews-ce00fa93,true
fam-wd-q3051500,cat-rice-dishes-e5a0eea5,true
fam-wd-q3075310,cat-soups-58c2caa7,true
fam-wd-q131819894,cat-pasta-dishes-18ec3e4d,true
fam-wd-q7623197,cat-confections-and-sweets-33dd665f,true
fam-wd-q61074537,cat-cookies-and-biscuits-55578132,true
fam-wd-q104844158,cat-wraps-and-rolls-dd6f3471,true
fam-wd-q7648934,cat-flatbreads-and-pizzas-f0961fe2,true
fam-wd-q7655664,cat-casseroles-and-bakes-43c0edef,true
fam-wd-q712031,cat-noodle-dishes-f57723d0,true
fam-wd-q987291,cat-breads-and-loaves-c2814f9c,true
fam-wd-q111705550,cat-flatbreads-and-pizzas-f0961fe2,true
fam-wd-q123015196,cat-stews-ce00fa93,true
fam-wd-q31173508,cat-skewers-and-grilled-dishes-08780632,true
fam-wd-q25327105,cat-pies-and-pastries-eefde59e,true
fam-wd-q111604426,cat-noodle-dishes-f57723d0,true
fam-wd-q5643322,cat-dumplings-and-buns-9a441702,true
fam-wd-q7695520,cat-noodle-dishes-f57723d0,true
fam-wd-q7808550,cat-noodle-dishes-f57723d0,true
fam-wd-q7811421,cat-pasta-dishes-18ec3e4d,true
fam-wd-q48724049,cat-sauces-and-condiments-10f97308,true
fam-wd-q1066260,cat-soups-58c2caa7,true
fam-wd-q7824333,cat-wraps-and-rolls-dd6f3471,true
fam-wd-q60738779,cat-noodle-dishes-f57723d0,true
fam-wd-q16230436,cat-rice-dishes-e5a0eea5,true
fam-wd-q978397,cat-sandwiches-116c3e15,true
fam-wd-q1243795,cat-seafood-dishes-67642233,true
fam-wd-q12522818,cat-rice-dishes-e5a0eea5,true
fam-wd-q113002647,cat-soups-58c2caa7,true
fam-wd-q845376,cat-noodle-dishes-f57723d0,true
fam-wd-q5702275,cat-breads-and-loaves-c2814f9c,true
fam-wd-q7919751,cat-sauces-and-condiments-10f97308,true
fam-wd-q11902383,cat-confections-and-sweets-33dd665f,true
fam-wd-q2548949,cat-wraps-and-rolls-dd6f3471,true
fam-wd-q1086747,cat-egg-dishes-91225177,true
fam-wd-q1226651,cat-cookies-and-biscuits-55578132,true
fam-wd-q375,cat-breakfast-dishes-7ff5de50,true
fam-wd-q209464,cat-salads-aa3e870c,true
fam-wd-q135921159,cat-sandwiches-116c3e15,true
fam-wd-q65589417,cat-salads-aa3e870c,true
fam-wd-q112339256,cat-pies-and-pastries-eefde59e,true
fam-wd-q28455447,cat-soups-58c2caa7,true
fam-wd-q7995577,cat-seafood-dishes-67642233,true
fam-wd-q104858815,cat-cakes-and-gateaux-d8e29f50,true
fam-wd-q1812421,cat-confections-and-sweets-33dd665f,true
fam-wd-q6497852,cat-fried-dishes-and-fritters-31bc2558,true
fam-wd-q135921173,cat-rice-dishes-e5a0eea5,true
fam-wd-q135927675,cat-rice-dishes-e5a0eea5,true
fam-wd-q8031737,cat-breads-and-loaves-c2814f9c,true
fam-wd-q113070599,cat-soups-58c2caa7,true
fam-wd-q17048447,cat-rice-dishes-e5a0eea5,true
fam-wd-q8053692,cat-seafood-dishes-67642233,true
fam-wd-q860170,cat-rice-dishes-e5a0eea5,true
fam-bread-9a677c44,cat-sandwiches-116c3e15,true
fam-submarine-sandwich-5ea61a55,cat-sandwiches-116c3e15,true
fam-open-faced-sandwich-3a9301e2,cat-sandwiches-116c3e15,true
fam-pocket-sandwich-b5b1a0bd,cat-sandwiches-116c3e15,true
fam-eggs-benedict-1ff8b422,cat-sandwiches-116c3e15,true
fam-hot-dog-variations-76dcdf87,cat-sandwiches-116c3e15,true
fam-sandwich-bread-85ee8a27,cat-sandwiches-116c3e15,true
fam-soup-and-sandwich-52904de2,cat-sandwiches-116c3e15,true
fam-regional-cuisines-of-medieval-europe-cb0a5e6e,cat-pasta-dishes-18ec3e4d,true
fam-italian-wine-8135bfbd,cat-pasta-dishes-18ec3e4d,true
fam-beer-in-italy-8743579c,cat-pasta-dishes-18ec3e4d,true
fam-osteria-705f7b4b,cat-pasta-dishes-18ec3e4d,true
fam-trattoria-35c8bed9,cat-pasta-dishes-18ec3e4d,true
fam-enoteca-96a49565,cat-pasta-dishes-18ec3e4d,true
fam-sagra-festival-7d09c078,cat-pasta-dishes-18ec3e4d,true
fam-italian-meal-structure-18f6c0fd,cat-pasta-dishes-18ec3e4d,true
fam-banmian-89ef2ecd,cat-noodle-dishes-f57723d0,true
fam-beef-noodle-soup-4dcd1b76,cat-noodle-dishes-f57723d0,true
fam-cart-noodle-68dca97c,cat-noodle-dishes-f57723d0,true
fam-chongqing-noodles-22010713,cat-noodle-dishes-f57723d0,true
fam-kuanfen-noodles-b76d80e5,cat-noodle-dishes-f57723d0,true
fam-dan-zai-noodles-ca2e9b85,cat-noodle-dishes-f57723d0,true
fam-dandan-noodles-1697cf2d,cat-noodle-dishes-f57723d0,true
fam-hokkien-mee-2e6d199a,cat-noodle-dishes-f57723d0,true
fam-hot-and-sour-noodles-ec5fccc5,cat-noodle-dishes-f57723d0,true
fam-hot-dry-noodles-4344c226,cat-noodle-dishes-f57723d0,true
fam-hui-mian-796b70f6,cat-noodle-dishes-f57723d0,true
fam-jiangshui-noodles-8e3aa880,cat-noodle-dishes-f57723d0,true
fam-lanzhou-beef-noodle-soup-668c941c,cat-noodle-dishes-f57723d0,true
fam-liangpi-6f660477,cat-noodle-dishes-f57723d0,true
fam-luosifen-73f10469,cat-noodle-dishes-f57723d0,true
fam-mee-pok-f55a6d9a,cat-noodle-dishes-f57723d0,true
fam-millinge-3b66325a,cat-noodle-dishes-f57723d0,true
fam-misua-5bd394ac,cat-noodle-dishes-f57723d0,true
fam-noodles-with-tomato-egg-sauce-c9b214fc,cat-noodle-dishes-f57723d0,true
fam-satay-bee-hoon-2b13daee,cat-noodle-dishes-f57723d0,true
fam-shanghai-fried-noodles-54307b4e,cat-noodle-dishes-f57723d0,true
fam-suan-la-fen-6bb3c793,cat-noodle-dishes-f57723d0,true
fam-wonton-noodles-4872c2ba,cat-noodle-dishes-f57723d0,true
fam-yuntunmian-b8050086,cat-noodle-dishes-f57723d0,true
fam-zhajiangmian-1bb244b2,cat-noodle-dishes-f57723d0,true
fam-beef-chow-fun-f771c626,cat-noodle-dishes-f57723d0,true
fam-hiyashi-chuka-854c6ffe,cat-noodle-dishes-f57723d0,true
fam-hoto-ebad0744,cat-noodle-dishes-f57723d0,true
fam-tsukemen-9f7293c7,cat-noodle-dishes-f57723d0,true
fam-sara-udon-58e4fd32,cat-noodle-dishes-f57723d0,true
fam-tensoba-7e3659f3,cat-noodle-dishes-f57723d0,true
fam-toshikoshi-soba-70e1c16e,cat-noodle-dishes-f57723d0,true
fam-somen-9f223db6,cat-noodle-dishes-f57723d0,true
fam-udon-3611d9f6,cat-noodle-dishes-f57723d0,true
fam-yaki-udon-1c423a9d,cat-noodle-dishes-f57723d0,true
fam-yakisoba-b94c7fcd,cat-noodle-dishes-f57723d0,true
fam-otaru-ankake-yakisoba-b0790673,cat-noodle-dishes-f57723d0,true
fam-janchi-guksu-bef84fe7,cat-noodle-dishes-f57723d0,true
fam-jatguksu-e1824712,cat-noodle-dishes-f57723d0,true
fam-jjamppong-17850d33,cat-noodle-dishes-f57723d0,true
fam-jjolmyeon-8fec4d44,cat-noodle-dishes-f57723d0,true
fam-kalguksu-6f228227,cat-noodle-dishes-f57723d0,true
fam-kongguksu-aa26cf67,cat-noodle-dishes-f57723d0,true
fam-makguksu-1d316c89,cat-noodle-dishes-f57723d0,true
fam-milmyeon-98ed1e5c,cat-noodle-dishes-f57723d0,true
fam-naengmyeon-6eda9ef1,cat-noodle-dishes-f57723d0,true
fam-tsuivan-54e1ddf7,cat-noodle-dishes-f57723d0,true
fam-cellophane-noodles-13530355,cat-noodle-dishes-f57723d0,true
fam-a-gei-8ff097d0,cat-noodle-dishes-f57723d0,true
fam-eel-noodles-86f4c300,cat-noodle-dishes-f57723d0,true
fam-nabeyaki-egg-noodles-b836412d,cat-noodle-dishes-f57723d0,true
fam-neritic-squid-rice-noodles-1c6803d2,cat-noodle-dishes-f57723d0,true
fam-oyster-vermicelli-056b5546,cat-noodle-dishes-f57723d0,true
fam-pumpkin-rice-vermicelli-fad7ec9e,cat-noodle-dishes-f57723d0,true
fam-taiwanese-beef-noodle-soup-a7b4d36f,cat-noodle-dishes-f57723d0,true
fam-tshik-a-mi-4bbb29ec,cat-noodle-dishes-f57723d0,true
fam-guthuk-5785a5ee,cat-noodle-dishes-f57723d0,true
fam-laping-b6499cd6,cat-noodle-dishes-f57723d0,true
fam-thenthuk-649c28b9,cat-noodle-dishes-f57723d0,true
fam-thukpa-ed1cffe3,cat-noodle-dishes-f57723d0,true
fam-kat-kyi-kaik-7d04fffa,cat-noodle-dishes-f57723d0,true
fam-kyay-oh-e0b37854,cat-noodle-dishes-f57723d0,true
fam-kya-zan-hinga-9201ce73,cat-noodle-dishes-f57723d0,true
fam-meeshay-2d12cd07,cat-noodle-dishes-f57723d0,true
fam-mohinga-b6a4ff33,cat-noodle-dishes-f57723d0,true
fam-mont-di-3526da91,cat-noodle-dishes-f57723d0,true
fam-nan-gyi-thohk-5f3f9ada,cat-noodle-dishes-f57723d0,true
fam-ohn-no-khao-swe-87b1e41f,cat-noodle-dishes-f57723d0,true
fam-sigyet-khauk-swe-904818fa,cat-noodle-dishes-f57723d0,true
fam-banh-kanh-e8487094,cat-noodle-dishes-f57723d0,true
fam-kuyteav-59245d18,cat-noodle-dishes-f57723d0,true
fam-batchoy-286d355a,cat-noodle-dishes-f57723d0,true
fam-kinalas-eafa8d24,cat-noodle-dishes-f57723d0,true
fam-lomi-45e6a888,cat-noodle-dishes-f57723d0,true
fam-mami-soup-24bc4c1f,cat-noodle-dishes-f57723d0,true
fam-odong-2163a1e7,cat-noodle-dishes-f57723d0,true
fam-pancit-canton-1d2ac036,cat-noodle-dishes-f57723d0,true
fam-pancit-choca-9e7e7448,cat-noodle-dishes-f57723d0,true
fam-pancit-bihon-c8b85750,cat-noodle-dishes-f57723d0,true
fam-pancit-estacion-897b41c9,cat-noodle-dishes-f57723d0,true
fam-pancit-luglug-4b57f7c5,cat-noodle-dishes-f57723d0,true
fam-pancit-molo-4244a2ed,cat-noodle-dishes-f57723d0,true
fam-pancit-miki-83088799,cat-noodle-dishes-f57723d0,true
fam-pancit-palabok-c98ecef6,cat-noodle-dishes-f57723d0,true
fam-sopa-de-fideo-fb30790c,cat-noodle-dishes-f57723d0,true
fam-bihun-goreng-237286ac,cat-noodle-dishes-f57723d0,true
fam-char-kway-teow-56b0b7f1,cat-noodle-dishes-f57723d0,true
fam-kwetiau-ayam-9a743136,cat-noodle-dishes-f57723d0,true
fam-kwetiau-goreng-a4f1c509,cat-noodle-dishes-f57723d0,true
fam-beef-kway-teow-19237ecf,cat-noodle-dishes-f57723d0,true
fam-laksa-cc9bca99,cat-noodle-dishes-f57723d0,true
fam-lakso-5d51fdea,cat-noodle-dishes-f57723d0,true
fam-mie-aceh-42b65b20,cat-noodle-dishes-f57723d0,true
fam-mie-bakso-b85d7ec5,cat-noodle-dishes-f57723d0,true
fam-mie-cakalang-9735a007,cat-noodle-dishes-f57723d0,true
fam-mie-caluk-dc7f5251,cat-noodle-dishes-f57723d0,true
fam-mie-combor-9889bf49,cat-noodle-dishes-f57723d0,true
fam-mie-gomak-a81fee7f,cat-noodle-dishes-f57723d0,true
fam-mie-goreng-cbaeed78,cat-noodle-dishes-f57723d0,true
fam-mie-ikan-8028a52f,cat-noodle-dishes-f57723d0,true
fam-mie-jawa-a62fab35,cat-noodle-dishes-f57723d0,true
fam-rujak-c7834094,cat-noodle-dishes-f57723d0,true
fam-curry-mee-a0fd0daf,cat-noodle-dishes-f57723d0,true
fam-mie-kangkung-1a90c8fb,cat-noodle-dishes-f57723d0,true
fam-mie-kering-88d2d70a,cat-noodle-dishes-f57723d0,true
fam-mie-koclok-4e8f642f,cat-noodle-dishes-f57723d0,true
fam-mie-kocok-1908e108,cat-noodle-dishes-f57723d0,true
fam-mie-kopyok-6f94c005,cat-noodle-dishes-f57723d0,true
fam-mie-kuah-0900b5f6,cat-noodle-dishes-f57723d0,true
fam-wonton-noodle-6e2129d1,cat-noodle-dishes-f57723d0,true
fam-mie-rebus-30c626e2,cat-noodle-dishes-f57723d0,true
fam-mie-tarempa-10019b1d,cat-noodle-dishes-f57723d0,true
fam-tinutuan-3ac3a08d,cat-noodle-dishes-f57723d0,true
fam-soto-mie-f93f18a2,cat-noodle-dishes-f57723d0,true
fam-khao-poon-aa366719,cat-noodle-dishes-f57723d0,true
fam-khao-soi-fcac195f,cat-noodle-dishes-f57723d0,true
fam-feu-food-12cd3836,cat-noodle-dishes-f57723d0,true
fam-lard-na-17a9bfd5,cat-noodle-dishes-f57723d0,true
fam-khao-piak-sen-22ed2a6d,cat-noodle-dishes-f57723d0,true
fam-duck-soup-noodles-a72aa514,cat-noodle-dishes-f57723d0,true
fam-hae-mee-0601f718,cat-noodle-dishes-f57723d0,true
fam-lor-mee-ceb0f80e,cat-noodle-dishes-f57723d0,true
fam-mee-bandung-422f91b2,cat-noodle-dishes-f57723d0,true
fam-mee-goreng-c9905dcc,cat-noodle-dishes-f57723d0,true
fam-mee-kolo-d34110f3,cat-noodle-dishes-f57723d0,true
fam-mi-rebus-26aeeb6b,cat-noodle-dishes-f57723d0,true
fam-mee-siam-e89c7fa6,cat-noodle-dishes-f57723d0,true
fam-mee-tauhu-d13b6e42,cat-noodle-dishes-f57723d0,true
fam-rice-noodle-roll-c5f40fef,cat-noodle-dishes-f57723d0,true
fam-curry-chicken-noodles-24b1ecc3,cat-noodle-dishes-f57723d0,true
fam-katong-laksa-eb3c3b0f,cat-noodle-dishes-f57723d0,true
fam-vegetarian-bee-hoon-49e4c61e,cat-noodle-dishes-f57723d0,true
fam-boat-noodles-a5021f93,cat-noodle-dishes-f57723d0,true
fam-nam-ngiao-8b609936,cat-noodle-dishes-f57723d0,true
fam-pad-see-ew-915fe511,cat-noodle-dishes-f57723d0,true
fam-rat-na-f7dd1b1d,cat-noodle-dishes-f57723d0,true
fam-sukhothai-rice-noodles-a26d209b,cat-noodle-dishes-f57723d0,true
fam-laghman-food-fe22ecbc,cat-noodle-dishes-f57723d0,true
fam-naryn-dish-3eb53b7c,cat-noodle-dishes-f57723d0,true
fam-idiyappam-ed19b5ae,cat-noodle-dishes-f57723d0,true
fam-sevai-12a69f51,cat-noodle-dishes-f57723d0,true
fam-faloodeh-0b1fbbb9,cat-noodle-dishes-f57723d0,true
fam-chicken-noodle-soup-7884a0ba,cat-noodle-dishes-f57723d0,true
fam-chicken-riggies-23a69181,cat-noodle-dishes-f57723d0,true
fam-kraft-dinner-215f48ff,cat-noodle-dishes-f57723d0,true
fam-saimin-fdfbc4e1,cat-noodle-dishes-f57723d0,true
fam-arroz-chaufa-5e4477bc,cat-noodle-dishes-f57723d0,true
fam-tallarin-saltado-e90768fd,cat-noodle-dishes-f57723d0,true
fam-kugel-6bc8db62,cat-noodle-dishes-f57723d0,true
fam-roso-0225a35d,cat-noodle-dishes-f57723d0,true
fam-rechta-a797c14f,cat-noodle-dishes-f57723d0,true
fam-koshary-41e89d90,cat-noodle-dishes-f57723d0,true
fam-a-simple-pho-dish-68edde8a,cat-noodle-dishes-f57723d0,true
fam-pad-thai-from-a-street-stall-in-chiang-mai-e0703996,cat-noodle-dishes-f57723d0,true
fam-bun-bo-hue-d17bed6c,cat-noodle-dishes-f57723d0,true
fam-fried-noodles-990eee80,cat-noodle-dishes-f57723d0,true
fam-broth-3e91595e,cat-soups-58c2caa7,true
fam-chowder-75162bc4,cat-soups-58c2caa7,true
fam-fish-soup-94f8f39b,cat-soups-58c2caa7,true
fam-fruit-soup-4687b0f4,cat-soups-58c2caa7,true
fam-cream-soup-c64c9ccb,cat-soups-58c2caa7,true
fam-stew-b02cc0b0,cat-soups-58c2caa7,true
fam-stock-food-a65e1a5f,cat-soups-58c2caa7,true
fam-three-grand-soups-52c451e6,cat-soups-58c2caa7,true
fam-fish-stew-3a26a59e,cat-stews-ce00fa93,true
fam-aiwowo-9c0986b9,cat-rice-dishes-e5a0eea5,true
fam-insalata-di-riso-159e6d48,cat-rice-dishes-e5a0eea5,true
fam-kanika-food-0798b6dd,cat-rice-dishes-e5a0eea5,true
fam-kfc-rice-a2f3912a,cat-rice-dishes-e5a0eea5,true
fam-lentil-rice-15edb98e,cat-rice-dishes-e5a0eea5,true
fam-sayadieh-60e3440e,cat-rice-dishes-e5a0eea5,true
fam-arabic-rice-42d5b90d,cat-rice-dishes-e5a0eea5,true
fam-tex-mex-7e94ec3f,cat-snacks-and-street-food-7e6d6760,true
